Workbook
Name heating_load: 'parameter for load'!$B$1
Name 室内设计温度: 'parameter for load'!$B$3
Name 室外设计温度: 'parameter for load'!$B$2

Sheet sample_year_data
A1: time_step | B1: outside_air_temp(℃） | C1: horizontal_solar_rad(Wh/m2) | D1: solar_rad_55deg_surface | E1: heating_load | F1: h eating on_off
A2: 45658 | B2: -13 | C2: 0 | D2: 0 | E2: =MAX(IFERROR(heating_load*(室内设计温度-B2)/(室内设计温度-室外设计温度),0),0)*F2 -> 3357.4007 | F2: =IF(OR(A2<'parameter for load'!$B$4,sample_year_data!A2>='parameter for load'!$B$5),1,0) -> 1
A3: 45658.042 | B3: -13 | C3: 0 | D3: 0 | E3: =MAX(IFERROR(heating_load*(室内设计温度-B3)/(室内设计温度-室外设计温度),0),0)*F3 -> 3357.4007 | F3: =IF(OR(A3<'parameter for load'!$B$4,sample_year_data!A3>='parameter for load'!$B$5),1,0) -> 1
A4: 45658.083 | B4: -14 | C4: 0 | D4: 0 | E4: =MAX(IFERROR(heating_load*(室内设计温度-B4)/(室内设计温度-室外设计温度),0),0)*F4 -> 3465.704 | F4: =IF(OR(A4<'parameter for load'!$B$4,sample_year_data!A4>='parameter for load'!$B$5),1,0) -> 1
A5: 45658.125 | B5: -14.3 | C5: 0 | D5: 0 | E5: =MAX(IFERROR(heating_load*(室内设计温度-B5)/(室内设计温度-室外设计温度),0),0)*F5 -> 3498.1949 | F5: =IF(OR(A5<'parameter for load'!$B$4,sample_year_data!A5>='parameter for load'!$B$5),1,0) -> 1
A6: 45658.167 | B6: -14.7 | C6: 0 | D6: 0 | E6: =MAX(IFERROR(heating_load*(室内设计温度-B6)/(室内设计温度-室外设计温度),0),0)*F6 -> 3541.5162 | F6: =IF(OR(A6<'parameter for load'!$B$4,sample_year_data!A6>='parameter for load'!$B$5),1,0) -> 1
A7: 45658.208 | B7: -15 | C7: 0 | D7: 0 | E7: =MAX(IFERROR(heating_load*(室内设计温度-B7)/(室内设计温度-室外设计温度),0),0)*F7 -> 3574.0072 | F7: =IF(OR(A7<'parameter for load'!$B$4,sample_year_data!A7>='parameter for load'!$B$5),1,0) -> 1
A8: 45658.25 | B8: -14.3 | C8: 0 | D8: 0 | E8: =MAX(IFERROR(heating_load*(室内设计温度-B8)/(室内设计温度-室外设计温度),0),0)*F8 -> 3498.1949 | F8: =IF(OR(A8<'parameter for load'!$B$4,sample_year_data!A8>='parameter for load'!$B$5),1,0) -> 1
A9: 45658.292 | B9: -13.7 | C9: 0 | D9: 0 | E9: =MAX(IFERROR(heating_load*(室内设计温度-B9)/(室内设计温度-室外设计温度),0),0)*F9 -> 3433.213 | F9: =IF(OR(A9<'parameter for load'!$B$4,sample_year_data!A9>='parameter for load'!$B$5),1,0) -> 1
A10: 45658.333 | B10: -13 | C10: 0 | D10: 0 | E10: =MAX(IFERROR(heating_load*(室内设计温度-B10)/(室内设计温度-室外设计温度),0),0)*F10 -> 3357.4007 | F10: =IF(OR(A10<'parameter for load'!$B$4,sample_year_data!A10>='parameter for load'!$B$5),1,0) -> 1
A11: 45658.375 | B11: -9.7 | C11: 0 | D11: 3.0314896 | E11: =MAX(IFERROR(heating_load*(室内设计温度-B11)/(室内设计温度-室外设计温度),0),0)*F11 -> 3000 | F11: =IF(OR(A11<'parameter for load'!$B$4,sample_year_data!A11>='parameter for load'!$B$5),1,0) -> 1
A12: 45658.417 | B12: -6.3 | C12: 78 | D12: 440.84408 | E12: =MAX(IFERROR(heating_load*(室内设计温度-B12)/(室内设计温度-室外设计温度),0),0)*F12 -> 2631.769 | F12: =IF(OR(A12<'parameter for load'!$B$4,sample_year_data!A12>='parameter for load'!$B$5),1,0) -> 1
A13: 45658.458 | B13: -3 | C13: 283 | D13: 836.88105 | E13: =MAX(IFERROR(heating_load*(室内设计温度-B13)/(室内设计温度-室外设计温度),0),0)*F13 -> 2274.3682 | F13: =IF(OR(A13<'parameter for load'!$B$4,sample_year_data!A13>='parameter for load'!$B$5),1,0) -> 1
... A8761: 46022.958 | B8761: -13.8 | C8761: 0 | D8761: 0 | E8761: =MAX(IFERROR(heating_load*(室内设计温度-B8761)/(室内设计温度-室外设计温度),0),0)*F8761 -> 3444.0433 | F8761: =IF(OR(A8761<'parameter for load'!$B$4,sample_year_data!A8761>='parameter for load'!$B$5),1,0) -> 1

Sheet parameter for load
A1: heating load | B1: 3000 | C1: kw
A2: 室外设计温度 | B2: -9.7
A3: 室内设计温度 | B3: 18
A4: 供暖停止日期 | B4: 45778
A5: 供暖开始日期 | B5: 45931
